id;title;view_counter;publish_time;difficulty;season/0;season/1;season/2;season/3;categories/0/name;sankelandskaber/0/id;sankelandskaber/0/title;sankelandskaber/0/sub_biotope_question;sankelandskaber/0/characteristic_question;sankelandskaber/0/color;sankelandskaber/0/profile_image/src;sankelandskaber/0/profile_image/id;sankelandskaber/0/sub_biotopes/0/id;sankelandskaber/0/sub_biotopes/0/title;sankelandskaber/0/sub_biotopes/1/id;sankelandskaber/0/sub_biotopes/1/title;sankelandskaber/1/id;sankelandskaber/1/title;sankelandskaber/1/sub_biotope_question;sankelandskaber/1/characteristic_question;sankelandskaber/1/color;sankelandskaber/1/profile_image/src;sankelandskaber/1/profile_image/id;sankelandskaber/1/sub_biotopes/0/id;sankelandskaber/1/sub_biotopes/0/title;sankelandskaber/1/sub_biotopes/1/id;sankelandskaber/1/sub_biotopes/1/title;profile_image/src;profile_image/id;season/4;season/5;sankelandskaber/2/id;sankelandskaber/2/title;sankelandskaber/2/sub_biotope_question;sankelandskaber/2/characteristic_question;sankelandskaber/2/color;sankelandskaber/2/profile_image/src;sankelandskaber/2/profile_image/id;sankelandskaber/2/sub_biotopes/0/id;sankelandskaber/2/sub_biotopes/0/title;sankelandskaber/2/sub_biotopes/1/id;sankelandskaber/2/sub_biotopes/1/title;sankelandskaber/2/biotope_characteristic/0/id;sankelandskaber/2/biotope_characteristic/0/title;sankelandskaber/2/biotope_characteristic/1/id;sankelandskaber/2/biotope_characteristic/1/title;season/6;season/7;sankelandskaber/0/biotope_characteristic/0/id;sankelandskaber/0/biotope_characteristic/0/title;sankelandskaber/0/biotope_characteristic/1/id;sankelandskaber/0/biotope_characteristic/1/title;sankelandskaber/3/id;sankelandskaber/3/title;sankelandskaber/3/sub_biotope_question;sankelandskaber/3/characteristic_question;sankelandskaber/3/color;sankelandskaber/3/profile_image/src;sankelandskaber/3/profile_image/id;sankelandskaber/3/sub_biotopes/0/id;sankelandskaber/3/sub_biotopes/0/title;sankelandskaber/3/sub_biotopes/1/id;sankelandskaber/3/sub_biotopes/1/title;sankelandskaber/1/biotope_characteristic/0/id;sankelandskaber/1/biotope_characteristic/0/title;sankelandskaber/1/biotope_characteristic/1/id;sankelandskaber/1/biotope_characteristic/1/title;sankelandskaber/4/id;sankelandskaber/4/title;sankelandskaber/4/sub_biotope_question;sankelandskaber/4/characteristic_question;sankelandskaber/4/color;sankelandskaber/4/profile_image/src;sankelandskaber/4/profile_image/id;sankelandskaber/4/sub_biotopes/0/id;sankelandskaber/4/sub_biotopes/0/title;sankelandskaber/4/sub_biotopes/1/id;sankelandskaber/4/sub_biotopes/1/title;sankelandskaber/5/id;sankelandskaber/5/title;sankelandskaber/5/sub_biotope_question;sankelandskaber/5/characteristic_question;sankelandskaber/5/color;sankelandskaber/5/profile_image/src;sankelandskaber/5/profile_image/id;sankelandskaber/5/sub_biotopes/0/id;sankelandskaber/5/sub_biotopes/0/title;sankelandskaber/5/sub_biotopes/1/id;sankelandskaber/5/sub_biotopes/1/title;sankelandskaber/6/id;sankelandskaber/6/title;sankelandskaber/6/sub_biotope_question;sankelandskaber/6/characteristic_question;sankelandskaber/6/color;sankelandskaber/6/profile_image/src;sankelandskaber/6/profile_image/id;sankelandskaber/6/sub_biotopes/0/id;sankelandskaber/6/sub_biotopes/0/title;sankelandskaber/6/sub_biotopes/1/id;sankelandskaber/6/sub_biotopes/1/title;sankelandskaber/3/biotope_characteristic/0/id;sankelandskaber/3/biotope_characteristic/0/title;sankelandskaber/3/biotope_characteristic/1/id;sankelandskaber/3/biotope_characteristic/1/title;season/8;season/9;season/10;season/11;sankelandskaber/7/id;sankelandskaber/7/title;sankelandskaber/7/sub_biotope_question;sankelandskaber/7/characteristic_question;sankelandskaber/7/color;sankelandskaber/7/profile_image/src;sankelandskaber/7/profile_image/id;sankelandskaber/7/sub_biotopes/0/id;sankelandskaber/7/sub_biotopes/0/title;sankelandskaber/7/sub_biotopes/1/id;sankelandskaber/7/sub_biotopes/1/title;sankelandskaber/4/biotope_characteristic/0/id;sankelandskaber/4/biotope_characteristic/0/title;sankelandskaber/4/biotope_characteristic/1/id;sankelandskaber/4/biotope_characteristic/1/title;categories/1/name;categories/1/info
337;Angelica;1599;1626079233;;2;3;4;5;Herbs and smaller plants;174;Beach;How is the nature of the beach?;;#4171BB;https://vildmadv2.vps.webdock.io/application/files/7016/2201/2308/Vildmad_BT_Strand_01_1.jpg;5405;1973;Sandy beach;1974;Stone beach;171;Beach meadow;What is the nature of the soil on the salt meadow?;;#4171BB;https://vildmadv2.vps.webdock.io/application/files/7314/9812/2525/Vildmad_BT_Strandeng_24.jpg;1823;1948;Wet;1949;Dry;https://vildmadv2.vps.webdock.io/application/files/8416/2445/4958/Kvan_ravarkort_app.png;5499;6;7;;;;;;;;;;;;;;;;8;;;;;;;;;;;;;;;;;;;;;;;;;;;;;;;;;;;;;;;;;;;;;;;;;;;;;;;;;;;;;;;;;;;;;;;;;;;;;;
339;Spiral wrack;478;1626079298;;2;3;4;;;174;Beach;How is the nature of the beach?;;#4171BB;https://vildmadv2.vps.webdock.io/application/files/7016/2201/2308/Vildmad_BT_Strand_01_1.jpg;5405;1973;Sandy beach;1974;Stone beach;181;Town;Where are you in the cityscape?;;#4B3C67;https://vildmadv2.vps.webdock.io/application/files/9414/9812/0663/VILDMAD_BT_BY_03-squashed.jpg;1783;1992;Park/garden;1993;Coast/port;https://vildmadv2.vps.webdock.io/application/files/5216/2445/6538/Lav_klortang_ravarekort_app.png;5503;;;;;;;;;;;;;;;;;;;;;;;;;;;;;;;;;;;;;;;;;;;;;;;;;;;;;;;;;;;;;;;;;;;;;;;;;;;;;;;;;;;;;;;;;;;;;;;;
934;Elderflower;2304;1642498279;;5;;;;Blomster;171;Beach meadow;What is the nature of the soil on the salt meadow?;;#4171BB;https://vildmadv2.vps.webdock.io/application/files/7314/9812/2525/Vildmad_BT_Strandeng_24.jpg;1823;1948;Wet;1949;Dry;176;Fence;How is the fence?;;#FEC21C;https://vildmadv2.vps.webdock.io/application/files/2114/9036/4146/hegn.jpg;365;1975;Densely overgrown;1976;Open;https://vildmadv2.vps.webdock.io/application/files/5116/2437/3339/Hyld_ravarkort_app.png;5484;;;179;Løvskov;Hvordan er jordens karakter i skoven?;Hvordan er skovbunden?;#009748;https://vildmadv2.vps.webdock.io/application/files/1016/2089/8647/VILDMAD_BT_Lovskov_08.jpg;5383;1981;Morbund;1982;Mulbund;;;;;;;;;;;180;Nåleskov;Hvordan er jordens karakter i skoven?;Hvordan er skovbunden?;#009748;https://vildmadv2.vps.webdock.io/application/files/6214/9036/4694/naaleskov.jpg;409;1987;Morbund;1988;Mulbund;2017;Kystnært;2018;Indland;181;By;Hvor er du i byens landskab?;;#4B3C67;https://vildmadv2.vps.webdock.io/application/files/9414/9812/0663/VILDMAD_BT_BY_03-squashed.jpg;1783;1992;Park/have;1993;Kyst/havn;;;;;;;;;;;;;;;;;;;;;;;;;;;;;;;;;;;;;;;;;;;;;;;
380;Wood sorrel;3074;1626080873;;2;3;4;5;Herbs and smaller plants;171;Beach meadow;What is the nature of the soil on the salt meadow?;;#4171BB;https://vildmadv2.vps.webdock.io/application/files/7314/9812/2525/Vildmad_BT_Strandeng_24.jpg;1823;1948;Wet;1949;Dry;176;Fence;How is the fence?;;#FEC21C;https://vildmadv2.vps.webdock.io/application/files/2114/9036/4146/hegn.jpg;365;1975;Densely overgrown;1976;Open;https://vildmadv2.vps.webdock.io/application/files/9416/2451/7486/Skovlog_ravarekort_app_1.png;5547;6;7;177;Grøftekant;Hvordan er grøftekantens beskaffenhed?;;#FEC21C;https://vildmadv2.vps.webdock.io/application/files/4616/2089/7447/VILDMAD_BT_Groftekant_05.jpg;5379;1977;Næringsfattig;1978;Næringsrig;;;;;8;9;;;;;178;Græsland;Hvordan er græslandet?;;#FEC21C;https://vildmadv2.vps.webdock.io/application/files/7916/2089/7481/Vildmad_BT_Gresland_09.jpg;5381;1979;Næringsfattig;1980;Næringsrig;2017;Kystnært;2018;Indland;179;Løvskov;Hvordan er jordens karakter i skoven?;Hvordan er skovbunden?;#009748;https://vildmadv2.vps.webdock.io/application/files/1016/2089/8647/VILDMAD_BT_Lovskov_08.jpg;5383;1981;Morbund;1982;Mulbund;180;Nåleskov;Hvordan er jordens karakter i skoven?;Hvordan er skovbunden?;#009748;https://vildmadv2.vps.webdock.io/application/files/6214/9036/4694/naaleskov.jpg;409;1987;Morbund;1988;Mulbund;181;By;Hvor er du i byens landskab?;;#4B3C67;https://vildmadv2.vps.webdock.io/application/files/9414/9812/0663/VILDMAD_BT_BY_03-squashed.jpg;1783;1992;Park/have;1993;Kyst/havn;;;;;;;;;;;;;;;;;;;;;;;;;
374;Crab apple;1168;1626080695;;8;9;;;Shrubs and trees;180;Coniferous forest;What is the nature of the soil in the forest?;What is the forest floor like?;#009748;https://vildmadv2.vps.webdock.io/application/files/6214/9036/4694/naaleskov.jpg;409;1987;Morbund;1988;Mulbund;179;Deciduous forest;What is the nature of the soil in the forest?;What is the forest floor like?;#009748;https://vildmadv2.vps.webdock.io/application/files/1016/2089/8647/VILDMAD_BT_Lovskov_08.jpg;5383;1981;Morbund;1982;Mulbund;https://vildmadv2.vps.webdock.io/application/files/7816/2451/6075/Skovaeble_ravarekort_app.png;5538;;;181;By;Hvor er du i byens landskab?;;#4B3C67;https://vildmadv2.vps.webdock.io/application/files/9414/9812/0663/VILDMAD_BT_BY_03-squashed.jpg;1783;1992;Park/have;1993;Kyst/havn;;;;;;;;;;;176;Hegn;Hvordan er hegnet?;;#FEC21C;https://vildmadv2.vps.webdock.io/application/files/2114/9036/4146/hegn.jpg;365;1975;Tæt bevokset;1976;Åbent;;;;;;;;;;;;;;;;;;;;;;;;;;;;;;;;;;;;;;2017;Kystnært;2018;Indland;;;;;;;;;;;;;;;;;;;;;
376;Scots pine;577;1626080803;;4;;;;Shrubs and trees;180;Coniferous forest;What is the nature of the soil in the forest?;What is the forest floor like?;#009748;https://vildmadv2.vps.webdock.io/application/files/6214/9036/4694/naaleskov.jpg;409;1987;Morbund;1988;Mulbund;;;;;;;;;;;;https://vildmadv2.vps.webdock.io/application/files/2916/2451/6290/Skovfyr_ravarekort_app.png;5540;;;;;;;;;;;;;;;;;;;;;;;;;;;;;;;;;;;;;;;;;;;;;;;;;;;;;;;;;;;;;;;;;;;;;;;;;;;;;;;;;;;;;;;;;;;;;;;;
303;Deadnettle;1866;1626076930;;3;4;5;6;Herbs and smaller plants;179;Deciduous forest;What is the nature of the soil in the forest?;What is the forest floor like?;#009748;https://vildmadv2.vps.webdock.io/application/files/1016/2089/8647/VILDMAD_BT_Lovskov_08.jpg;5383;1981;Morbund;1982;Mulbund;180;Coniferous forest;What is the nature of the soil in the forest?;What is the forest floor like?;#009748;https://vildmadv2.vps.webdock.io/application/files/6214/9036/4694/naaleskov.jpg;409;1987;Morbund;1988;Mulbund;https://vildmadv2.vps.webdock.io/application/files/3016/2099/6215/Dovnaelde_ravarkort_ravare.png;5392;;;181;By;Hvor er du i byens landskab?;;#4B3C67;https://vildmadv2.vps.webdock.io/application/files/9414/9812/0663/VILDMAD_BT_BY_03-squashed.jpg;1783;1992;Park/have;1993;Kyst/havn;;;;;;;;;;;176;Hegn;Hvordan er hegnet?;;#FEC21C;https://vildmadv2.vps.webdock.io/application/files/2114/9036/4146/hegn.jpg;365;1975;Tæt bevokset;1976;Åbent;;;;;177;Grøftekant;Hvordan er grøftekantens beskaffenhed?;;#FEC21C;https://vildmadv2.vps.webdock.io/application/files/4616/2089/7447/VILDMAD_BT_Groftekant_05.jpg;5379;1977;Næringsfattig;1978;Næringsrig;178;Græsland;Hvordan er græslandet?;;#FEC21C;https://vildmadv2.vps.webdock.io/application/files/7916/2089/7481/Vildmad_BT_Gresland_09.jpg;5381;1979;Næringsfattig;1980;Næringsrig;171;Strandeng;Hvordan er jordens karakter på strandengen?;;#4171BB;https://vildmadv2.vps.webdock.io/application/files/7314/9812/2525/Vildmad_BT_Strandeng_24.jpg;1823;1948;Våd;1949;Tør;2017;Kystnært;2018;Indland;;;;;;;;;;;;;;;;;;;;;
323;Hop;1093;1626078433;;3;4;8;;Herbs and smaller plants;179;Deciduous forest;What is the nature of the soil in the forest?;What is the forest floor like?;#009748;https://vildmadv2.vps.webdock.io/application/files/1016/2089/8647/VILDMAD_BT_Lovskov_08.jpg;5383;1981;Morbund;1982;Mulbund;180;Coniferous forest;What is the nature of the soil in the forest?;What is the forest floor like?;#009748;https://vildmadv2.vps.webdock.io/application/files/6214/9036/4694/naaleskov.jpg;409;1987;Morbund;1988;Mulbund;https://vildmadv2.vps.webdock.io/application/files/5516/2437/2955/Humle_ravarkort_app.png;5481;;;181;By;Hvor er du i byens landskab?;;#4B3C67;https://vildmadv2.vps.webdock.io/application/files/9414/9812/0663/VILDMAD_BT_BY_03-squashed.jpg;1783;1992;Park/have;1993;Kyst/havn;;;;;;;;;;;176;Hegn;Hvordan er hegnet?;;#FEC21C;https://vildmadv2.vps.webdock.io/application/files/2114/9036/4146/hegn.jpg;365;1975;Tæt bevokset;1976;Åbent;;;;;;;;;;;;;;;;;;;;;;;;;;;;;;;;;;;;;;2017;Kystnært;2018;Indland;;;;;;;;;;;;;;;;;;;;;
336;Bachelor's button;1196;1626079149;;5;6;7;;Herbs and smaller plants;179;Deciduous forest;What is the nature of the soil in the forest?;What is the forest floor like?;#009748;https://vildmadv2.vps.webdock.io/application/files/1016/2089/8647/VILDMAD_BT_Lovskov_08.jpg;5383;1981;Morbund;1982;Mulbund;180;Coniferous forest;What is the nature of the soil in the forest?;What is the forest floor like?;#009748;https://vildmadv2.vps.webdock.io/application/files/6214/9036/4694/naaleskov.jpg;409;1987;Morbund;1988;Mulbund;https://vildmadv2.vps.webdock.io/application/files/6816/2445/4749/Korsnap_ravarkort_app.png;5496;;;181;By;Hvor er du i byens landskab?;;#4B3C67;https://vildmadv2.vps.webdock.io/application/files/9414/9812/0663/VILDMAD_BT_BY_03-squashed.jpg;1783;1992;Park/have;1993;Kyst/havn;;;;;;;;;;;176;Hegn;Hvordan er hegnet?;;#FEC21C;https://vildmadv2.vps.webdock.io/application/files/2114/9036/4146/hegn.jpg;365;1975;Tæt bevokset;1976;Åbent;;;;;177;Grøftekant;Hvordan er grøftekantens beskaffenhed?;;#FEC21C;https://vildmadv2.vps.webdock.io/application/files/4616/2089/7447/VILDMAD_BT_Groftekant_05.jpg;5379;1977;Næringsfattig;1978;Næringsrig;178;Græsland;Hvordan er græslandet?;;#FEC21C;https://vildmadv2.vps.webdock.io/application/files/7916/2089/7481/Vildmad_BT_Gresland_09.jpg;5381;1979;Næringsfattig;1980;Næringsrig;;;;;;;;;;;;2017;Kystnært;2018;Indland;;;;;;;;;;;;;;;;;;;;;
429;March violet;1088;1626165834;;3;;;;Herbs and smaller plants;179;Deciduous forest;What is the nature of the soil in the forest?;What is the forest floor like?;#009748;https://vildmadv2.vps.webdock.io/application/files/1016/2089/8647/VILDMAD_BT_Lovskov_08.jpg;5383;1981;Morbund;1982;Mulbund;176;Fence;How is the fence?;;#FEC21C;https://vildmadv2.vps.webdock.io/application/files/2114/9036/4146/hegn.jpg;365;1975;Densely overgrown;1976;Open;https://vildmadv2.vps.webdock.io/application/files/1916/2452/7377/Viol_ravarekort_app.png;5597;;;177;Grøftekant;Hvordan er grøftekantens beskaffenhed?;;#FEC21C;https://vildmadv2.vps.webdock.io/application/files/4616/2089/7447/VILDMAD_BT_Groftekant_05.jpg;5379;1977;Næringsfattig;1978;Næringsrig;;;;;;;;;;;178;Græsland;Hvordan er græslandet?;;#FEC21C;https://vildmadv2.vps.webdock.io/application/files/7916/2089/7481/Vildmad_BT_Gresland_09.jpg;5381;1979;Næringsfattig;1980;Næringsrig;2017;Kystnært;2018;Indland;;;;;;;;;;;;;;;;;;;;;;;;;;;;;;;;;;;;;;;;;;;;;;;;;;;;;;;;;;
283;Pear;468;1626076394;;8;;;;Shrubs and trees;179;Deciduous forest;What is the nature of the soil in the forest?;What is the forest floor like?;#009748;https://vildmadv2.vps.webdock.io/application/files/1016/2089/8647/VILDMAD_BT_Lovskov_08.jpg;5383;1981;Morbund;1982;Mulbund;181;Town;Where are you in the cityscape?;;#4B3C67;https://vildmadv2.vps.webdock.io/application/files/9414/9812/0663/VILDMAD_BT_BY_03-squashed.jpg;1783;1992;Park/garden;1993;Coast/port;https://vildmadv2.vps.webdock.io/application/files/3916/2436/6075/Vild-paere_ravarekort_app.png;5435;;;176;Hegn;Hvordan er hegnet?;;#FEC21C;https://vildmadv2.vps.webdock.io/application/files/2114/9036/4146/hegn.jpg;365;1975;Tæt bevokset;1976;Åbent;2017;Kystnært;2018;Indland;;;;;;;;;;;;;;;;;;;;;;;;;;;;;;;;;;;;;;;;;;;;;;;;;;;;;;;;;;;;;;;;;;;;;;;;;;;;;;;
293;Beech;1283;1626076618;;4;9;;;Shrubs and trees;179;Deciduous forest;What is the nature of the soil in the forest?;What is the forest floor like?;#009748;https://vildmadv2.vps.webdock.io/application/files/1016/2089/8647/VILDMAD_BT_Lovskov_08.jpg;5383;1981;Morbund;1982;Mulbund;181;Town;Where are you in the cityscape?;;#4B3C67;https://vildmadv2.vps.webdock.io/application/files/9414/9812/0663/VILDMAD_BT_BY_03-squashed.jpg;1783;1992;Park/garden;1993;Coast/port;https://vildmadv2.vps.webdock.io/application/files/1916/2436/8346/Bog_ravarkort_1.png;5442;;;;;;;;;;;;;;;;;;;;;;;;;;;;;;;;;;;;;;;;;;;;;;;;;;;;;;;;;;;;;;;;;;;;;;;;;;;;;;;;;;;;;;;;;;;;;;;;
310;Bird cherry;1759;1626077840;;6;7;;;Shrubs and trees;179;Deciduous forest;What is the nature of the soil in the forest?;What is the forest floor like?;#009748;https://vildmadv2.vps.webdock.io/application/files/1016/2089/8647/VILDMAD_BT_Lovskov_08.jpg;5383;1981;Morbund;1982;Mulbund;181;Town;Where are you in the cityscape?;;#4B3C67;https://vildmadv2.vps.webdock.io/application/files/9414/9812/0663/VILDMAD_BT_BY_03-squashed.jpg;1783;1992;Park/garden;1993;Coast/port;https://vildmadv2.vps.webdock.io/application/files/8916/2437/0577/Fuglekirsbaer_ravarekort_app.png;5464;;;176;Hegn;Hvordan er hegnet?;;#FEC21C;https://vildmadv2.vps.webdock.io/application/files/2114/9036/4146/hegn.jpg;365;1975;Tæt bevokset;1976;Åbent;2017;Kystnært;2018;Indland;;;;;;;;;;;;;;;;;;;;;;;;;;;;;;;;;;;;;;;;;;;;;;;;;;;;;;;;;;;;;;;;;;;;;;;;;;;;;;;
315;Hazel;1527;1626077927;;8;9;;;Shrubs and trees;179;Deciduous forest;What is the nature of the soil in the forest?;What is the forest floor like?;#009748;https://vildmadv2.vps.webdock.io/application/files/1016/2089/8647/VILDMAD_BT_Lovskov_08.jpg;5383;1981;Morbund;1982;Mulbund;181;Town;Where are you in the cityscape?;;#4B3C67;https://vildmadv2.vps.webdock.io/application/files/9414/9812/0663/VILDMAD_BT_BY_03-squashed.jpg;1783;1992;Park/garden;1993;Coast/port;https://vildmadv2.vps.webdock.io/application/files/4216/2437/1585/Hassel_ravarekort_app.png;5470;;;176;Hegn;Hvordan er hegnet?;;#FEC21C;https://vildmadv2.vps.webdock.io/application/files/2114/9036/4146/hegn.jpg;365;1975;Tæt bevokset;1976;Åbent;2017;Kystnært;2018;Indland;;;;;;;;;;;;;;;;;;;;;;;;;;;;;;;;;;;;;;;;;;;;;;;;;;;;;;;;;;;;;;;;;;;;;;;;;;;;;;;
320;Raspberry;1772;1626078039;;6;7;;;Shrubs and trees;179;Deciduous forest;What is the nature of the soil in the forest?;What is the forest floor like?;#009748;https://vildmadv2.vps.webdock.io/application/files/1016/2089/8647/VILDMAD_BT_Lovskov_08.jpg;5383;1981;Morbund;1982;Mulbund;176;Fence;How is the fence?;;#FEC21C;https://vildmadv2.vps.webdock.io/application/files/2114/9036/4146/hegn.jpg;365;1975;Densely overgrown;1976;Open;https://vildmadv2.vps.webdock.io/application/files/8116/2437/2594/Hindbaer_ravarekort_app_1.png;5476;;;177;Grøftekant;Hvordan er grøftekantens beskaffenhed?;;#FEC21C;https://vildmadv2.vps.webdock.io/application/files/4616/2089/7447/VILDMAD_BT_Groftekant_05.jpg;5379;1977;Næringsfattig;1978;Næringsrig;;;;;;;;;;;;;;;;;;;;;;2017;Kystnært;2018;Indland;;;;;;;;;;;;;;;;;;;;;;;;;;;;;;;;;;;;;;;;;;;;;;;;;;;;;;;;;;
340;Lime;998;1626079684;;4;5;6;;Shrubs and trees;179;Deciduous forest;What is the nature of the soil in the forest?;What is the forest floor like?;#009748;https://vildmadv2.vps.webdock.io/application/files/1016/2089/8647/VILDMAD_BT_Lovskov_08.jpg;5383;1981;Morbund;1982;Mulbund;181;Town;Where are you in the cityscape?;;#4B3C67;https://vildmadv2.vps.webdock.io/application/files/9414/9812/0663/VILDMAD_BT_BY_03-squashed.jpg;1783;1992;Park/garden;1993;Coast/port;https://vildmadv2.vps.webdock.io/application/files/1016/2445/6733/Lind_ravarkort_app.png;5505;;;176;Hegn;Hvordan er hegnet?;;#FEC21C;https://vildmadv2.vps.webdock.io/application/files/2114/9036/4146/hegn.jpg;365;1975;Tæt bevokset;1976;Åbent;2017;Kystnært;2018;Indland;;;;;;;;;;;;;;;;;;;;;;;;;;;;;;;;;;;;;;;;;;;;;;;;;;;;;;;;;;;;;;;;;;;;;;;;;;;;;;;
357;Norway spruce;1023;1626080249;;4;5;;;Shrubs and trees;179;Deciduous forest;What is the nature of the soil in the forest?;What is the forest floor like?;#009748;https://vildmadv2.vps.webdock.io/application/files/1016/2089/8647/VILDMAD_BT_Lovskov_08.jpg;5383;1981;Morbund;1982;Mulbund;181;Town;Where are you in the cityscape?;;#4B3C67;https://vildmadv2.vps.webdock.io/application/files/9414/9812/0663/VILDMAD_BT_BY_03-squashed.jpg;1783;1992;Park/garden;1993;Coast/port;https://vildmadv2.vps.webdock.io/application/files/1216/2445/8318/Rodgran_ravarekort_app.png;5522;;;;;;;;;;;;;;;;;;;;;;;;;;;;;;;;;;;;;;;;;;;;;;;;;;;;;;;;;;;;;;;;;;;;;;;;;;;;;;;;;;;;;;;;;;;;;;;;
377;Wild strawberry;886;1626080825;;5;6;;;Shrubs and trees;179;Deciduous forest;What is the nature of the soil in the forest?;What is the forest floor like?;#009748;https://vildmadv2.vps.webdock.io/application/files/1016/2089/8647/VILDMAD_BT_Lovskov_08.jpg;5383;1981;Morbund;1982;Mulbund;181;Town;Where are you in the cityscape?;;#4B3C67;https://vildmadv2.vps.webdock.io/application/files/9414/9812/0663/VILDMAD_BT_BY_03-squashed.jpg;1783;1992;Park/garden;1993;Coast/port;https://vildmadv2.vps.webdock.io/application/files/3816/2451/7008/Skovjordbaer_ravarekort_app.png;5543;;;176;Hegn;Hvordan er hegnet?;;#FEC21C;https://vildmadv2.vps.webdock.io/application/files/2114/9036/4146/hegn.jpg;365;1975;Tæt bevokset;1976;Åbent;2017;Kystnært;2018;Indland;;;;;;;177;Grøftekant;Hvordan er grøftekantens beskaffenhed?;;#FEC21C;https://vildmadv2.vps.webdock.io/application/files/4616/2089/7447/VILDMAD_BT_Groftekant_05.jpg;5379;1977;Næringsfattig;1978;Næringsrig;;;;;;;;;;;;;;;;;;;;;;;;;;;;;;;;;;;;;;;;;;;;;;;;;;;;;;;;;;;;;;
2014;Downy birch;760;1626165916;;2;3;;;Shrubs and trees;179;Deciduous forest;What is the nature of the soil in the forest?;What is the forest floor like?;#009748;https://vildmadv2.vps.webdock.io/application/files/1016/2089/8647/VILDMAD_BT_Lovskov_08.jpg;5383;1981;Morbund;1982;Mulbund;176;Fence;How is the fence?;;#FEC21C;https://vildmadv2.vps.webdock.io/application/files/2114/9036/4146/hegn.jpg;365;1975;Densely overgrown;1976;Open;https://vildmadv2.vps.webdock.io/application/files/9116/2452/1225/Vild_Mad_RV_Birk_V08.jpg;5566;;;;;;;;;;;;;;;;;;;;;;;;;;;;;;;;;;;2017;Kystnært;2018;Indland;;;;;;;;;;;;;;;;;;;;;;;;;;;;;;;;;;;;;;;;;;;;;;;;;;;;;;;;;;
287;Sorrel;1733;1626076446;;2;3;4;5;Herbs and smaller plants;176;Fence;How is the fence?;;#FEC21C;https://vildmadv2.vps.webdock.io/application/files/2114/9036/4146/hegn.jpg;365;1975;Densely overgrown;1976;Open;177;Ditch edge;What is the nature of the ditch edge?;;#FEC21C;https://vildmadv2.vps.webdock.io/application/files/4616/2089/7447/VILDMAD_BT_Groftekant_05.jpg;5379;1977;Malnourished;1978;Nutritious;https://vildmadv2.vps.webdock.io/application/files/8416/2401/2670/Alm-syre_ravarkort_app.png;5427;6;7;178;Græsland;Hvordan er græslandet?;;#FEC21C;https://vildmadv2.vps.webdock.io/application/files/7916/2089/7481/Vildmad_BT_Gresland_09.jpg;5381;1979;Næringsfattig;1980;Næringsrig;;;;;8;9;2017;Kystnært;2018;Indland;181;By;Hvor er du i byens landskab?;;#4B3C67;https://vildmadv2.vps.webdock.io/application/files/9414/9812/0663/VILDMAD_BT_BY_03-squashed.jpg;1783;1992;Park/have;1993;Kyst/havn;;;;;;;;;;;;;;;;;;;;;;;;;;;;;;;;;;;;;;;;;;;;;;;;;;;;;;;;;;;;;;
308;Chickweed;5331;1626077723;;0;1;2;3;Herbs and smaller plants;176;Fence;How is the fence?;;#FEC21C;https://vildmadv2.vps.webdock.io/application/files/2114/9036/4146/hegn.jpg;365;1975;Densely overgrown;1976;Open;177;Ditch edge;What is the nature of the ditch edge?;;#FEC21C;https://vildmadv2.vps.webdock.io/application/files/4616/2089/7447/VILDMAD_BT_Groftekant_05.jpg;5379;1977;Malnourished;1978;Nutritious;https://vildmadv2.vps.webdock.io/application/files/1016/2437/0364/Fuglegraes_ravarkort_app.png;5463;4;5;178;Græsland;Hvordan er græslandet?;;#FEC21C;https://vildmadv2.vps.webdock.io/application/files/7916/2089/7481/Vildmad_BT_Gresland_09.jpg;5381;1979;Næringsfattig;1980;Næringsrig;;;;;6;7;2017;Kystnært;2018;Indland;181;By;Hvor er du i byens landskab?;;#4B3C67;https://vildmadv2.vps.webdock.io/application/files/9414/9812/0663/VILDMAD_BT_BY_03-squashed.jpg;1783;1992;Park/have;1993;Kyst/havn;;;;;179;Løvskov;Hvordan er jordens karakter i skoven?;Hvordan er skovbunden?;#009748;https://vildmadv2.vps.webdock.io/application/files/1016/2089/8647/VILDMAD_BT_Lovskov_08.jpg;5383;1981;Morbund;1982;Mulbund;;;;;;;;;;;;;;;;;;;;;;;;;;;8;9;10;11;;;;;;;;;;;;;;;;;
351;Ramsons;9745;1626080055;;2;3;4;5;Herbs and smaller plants;176;Fence;How is the fence?;;#FEC21C;https://vildmadv2.vps.webdock.io/application/files/2114/9036/4146/hegn.jpg;365;1975;Densely overgrown;1976;Open;180;Coniferous forest;What is the nature of the soil in the forest?;What is the forest floor like?;#009748;https://vildmadv2.vps.webdock.io/application/files/6214/9036/4694/naaleskov.jpg;409;1987;Morbund;1988;Mulbund;https://vildmadv2.vps.webdock.io/application/files/2916/2445/7828/Ramslog_ravarkort_app.png;5516;6;7;181;By;Hvor er du i byens landskab?;;#4B3C67;https://vildmadv2.vps.webdock.io/application/files/9414/9812/0663/VILDMAD_BT_BY_03-squashed.jpg;1783;1992;Park/have;1993;Kyst/havn;;;;;8;9;2017;Kystnært;2018;Indland;;;;;;;;;;;;;;;;;;;;;;;;;;;;;;;;;;;;;;;;;;;;;;;;;;;;;10;;;;;;;;;;;;;;;;;;;;
360;Redshank;1532;1626080326;;0;1;2;3;Herbs and smaller plants;176;Fence;How is the fence?;;#FEC21C;https://vildmadv2.vps.webdock.io/application/files/2114/9036/4146/hegn.jpg;365;1975;Densely overgrown;1976;Open;177;Ditch edge;What is the nature of the ditch edge?;;#FEC21C;https://vildmadv2.vps.webdock.io/application/files/4616/2089/7447/VILDMAD_BT_Groftekant_05.jpg;5379;1977;Malnourished;1978;Nutritious;https://vildmadv2.vps.webdock.io/application/files/3414/9319/1820/rodknae_profil.jpg;1420;4;5;178;Græsland;Hvordan er græslandet?;;#FEC21C;https://vildmadv2.vps.webdock.io/application/files/7916/2089/7481/Vildmad_BT_Gresland_09.jpg;5381;1979;Næringsfattig;1980;Næringsrig;;;;;6;7;2017;Kystnært;2018;Indland;179;Løvskov;Hvordan er jordens karakter i skoven?;Hvordan er skovbunden?;#009748;https://vildmadv2.vps.webdock.io/application/files/1016/2089/8647/VILDMAD_BT_Lovskov_08.jpg;5383;1981;Morbund;1982;Mulbund;;;;;180;Nåleskov;Hvordan er jordens karakter i skoven?;Hvordan er skovbunden?;#009748;https://vildmadv2.vps.webdock.io/application/files/6214/9036/4694/naaleskov.jpg;409;1987;Morbund;1988;Mulbund;181;By;Hvor er du i byens landskab?;;#4B3C67;https://vildmadv2.vps.webdock.io/application/files/9414/9812/0663/VILDMAD_BT_BY_03-squashed.jpg;1783;1992;Park/have;1993;Kyst/havn;;;;;;;;;;;;;;;;8;9;10;11;;;;;;;;;;;;;;;;;
365;Rose campion;1020;1626080393;;0;1;2;3;Herbs and smaller plants;176;Fence;How is the fence?;;#FEC21C;https://vildmadv2.vps.webdock.io/application/files/2114/9036/4146/hegn.jpg;365;1975;Densely overgrown;1976;Open;177;Ditch edge;What is the nature of the ditch edge?;;#FEC21C;https://vildmadv2.vps.webdock.io/application/files/4616/2089/7447/VILDMAD_BT_Groftekant_05.jpg;5379;1977;Malnourished;1978;Nutritious;https://vildmadv2.vps.webdock.io/application/files/1416/2445/9195/Roset_sprintklap_ravarekort_app.png;5529;10;11;178;Græsland;Hvordan er græslandet?;;#FEC21C;https://vildmadv2.vps.webdock.io/application/files/7916/2089/7481/Vildmad_BT_Gresland_09.jpg;5381;1979;Næringsfattig;1980;Næringsrig;;;;;;;2017;Kystnært;2018;Indland;179;Løvskov;Hvordan er jordens karakter i skoven?;Hvordan er skovbunden?;#009748;https://vildmadv2.vps.webdock.io/application/files/1016/2089/8647/VILDMAD_BT_Lovskov_08.jpg;5383;1981;Morbund;1982;Mulbund;;;;;180;Nåleskov;Hvordan er jordens karakter i skoven?;Hvordan er skovbunden?;#009748;https://vildmadv2.vps.webdock.io/application/files/6214/9036/4694/naaleskov.jpg;409;1987;Morbund;1988;Mulbund;181;By;Hvor er du i byens landskab?;;#4B3C67;https://vildmadv2.vps.webdock.io/application/files/9414/9812/0663/VILDMAD_BT_BY_03-squashed.jpg;1783;1992;Park/have;1993;Kyst/havn;;;;;;;;;;;;;;;;;;;;;;;;;;;;;;;;;;;;
389;Spanish chervil;2328;1626080993;;2;3;4;5;Herbs and smaller plants;176;Fence;How is the fence?;;#FEC21C;https://vildmadv2.vps.webdock.io/application/files/2114/9036/4146/hegn.jpg;365;1975;Densely overgrown;1976;Open;177;Ditch edge;What is the nature of the ditch edge?;;#FEC21C;https://vildmadv2.vps.webdock.io/application/files/4616/2089/7447/VILDMAD_BT_Groftekant_05.jpg;5379;1977;Malnourished;1978;Nutritious;https://vildmadv2.vps.webdock.io/application/files/4015/1005/3932/Skaermbillede_2017-11-07_kl._12.24.27_kopi.jpg;2830;6;7;178;Græsland;Hvordan er græslandet?;;#FEC21C;https://vildmadv2.vps.webdock.io/application/files/7916/2089/7481/Vildmad_BT_Gresland_09.jpg;5381;1979;Næringsfattig;1980;Næringsrig;;;;;8;9;2017;Kystnært;2018;Indland;179;Løvskov;Hvordan er jordens karakter i skoven?;Hvordan er skovbunden?;#009748;https://vildmadv2.vps.webdock.io/application/files/1016/2089/8647/VILDMAD_BT_Lovskov_08.jpg;5383;1981;Morbund;1982;Mulbund;;;;;180;Nåleskov;Hvordan er jordens karakter i skoven?;Hvordan er skovbunden?;#009748;https://vildmadv2.vps.webdock.io/application/files/6214/9036/4694/naaleskov.jpg;409;1987;Morbund;1988;Mulbund;181;By;Hvor er du i byens landskab?;;#4B3C67;https://vildmadv2.vps.webdock.io/application/files/9414/9812/0663/VILDMAD_BT_BY_03-squashed.jpg;1783;1992;Park/have;1993;Kyst/havn;;;;;;;;;;;;;;;;10;;;;;;;;;;;;;;;;;;;;
306;Elm;899;1626077642;;3;4;;;Shrubs and trees;176;Fence;How is the fence?;;#FEC21C;https://vildmadv2.vps.webdock.io/application/files/2114/9036/4146/hegn.jpg;365;1975;Densely overgrown;1976;Open;179;Deciduous forest;What is the nature of the soil in the forest?;What is the forest floor like?;#009748;https://vildmadv2.vps.webdock.io/application/files/1016/2089/8647/VILDMAD_BT_Lovskov_08.jpg;5383;1981;Morbund;1982;Mulbund;https://vildmadv2.vps.webdock.io/application/files/2716/2437/0184/Elm_ravarkort_ravare_1.png;5460;;;181;By;Hvor er du i byens landskab?;;#4B3C67;https://vildmadv2.vps.webdock.io/application/files/9414/9812/0663/VILDMAD_BT_BY_03-squashed.jpg;1783;1992;Park/have;1993;Kyst/havn;;;;;;;2017;Kystnært;2018;Indland;;;;;;;;;;;;;;;;;;;;;;;;;;;;;;;;;;;;;;;;;;;;;;;;;;;;;;;;;;;;;;;;;;;;;;;;;
325;Elderberry;2082;1626078574;;7;8;9;;Shrubs and trees;176;Fence;How is the fence?;;#FEC21C;https://vildmadv2.vps.webdock.io/application/files/2114/9036/4146/hegn.jpg;365;1975;Densely overgrown;1976;Open;179;Deciduous forest;What is the nature of the soil in the forest?;What is the forest floor like?;#009748;https://vildmadv2.vps.webdock.io/application/files/1016/2089/8647/VILDMAD_BT_Lovskov_08.jpg;5383;1981;Morbund;1982;Mulbund;https://vildmadv2.vps.webdock.io/application/files/5116/2437/3339/Hyld_ravarkort_app.png;5484;;;180;Nåleskov;Hvordan er jordens karakter i skoven?;Hvordan er skovbunden?;#009748;https://vildmadv2.vps.webdock.io/application/files/6214/9036/4694/naaleskov.jpg;409;1987;Morbund;1988;Mulbund;;;;;;;2017;Kystnært;2018;Indland;181;By;Hvor er du i byens landskab?;;#4B3C67;https://vildmadv2.vps.webdock.io/application/files/9414/9812/0663/VILDMAD_BT_BY_03-squashed.jpg;1783;1992;Park/have;1993;Kyst/havn;;;;;174;Strand;Hvordan er strandens beskaffenhed?;;#4171BB;https://vildmadv2.vps.webdock.io/application/files/7016/2201/2308/Vildmad_BT_Strand_01_1.jpg;5405;1973;Sandstrand;1974;Stenstrand;;;;;;;;;;;;;;;;;;;;;;;;;;;;;;;;;;;;;;;;;;;;;;;
334;Bilberry;1776;1626079093;;7;8;;;Shrubs and trees;176;Fence;How is the fence?;;#FEC21C;https://vildmadv2.vps.webdock.io/application/files/2114/9036/4146/hegn.jpg;365;1975;Densely overgrown;1976;Open;177;Ditch edge;What is the nature of the ditch edge?;;#FEC21C;https://vildmadv2.vps.webdock.io/application/files/4616/2089/7447/VILDMAD_BT_Groftekant_05.jpg;5379;1977;Malnourished;1978;Nutritious;https://vildmadv2.vps.webdock.io/application/files/7316/2445/4470/Korsbaer_ravarekort_app.png;5495;;;179;Løvskov;Hvordan er jordens karakter i skoven?;Hvordan er skovbunden?;#009748;https://vildmadv2.vps.webdock.io/application/files/1016/2089/8647/VILDMAD_BT_Lovskov_08.jpg;5383;1981;Morbund;1982;Mulbund;;;;;;;2017;Kystnært;2018;Indland;180;Nåleskov;Hvordan er jordens karakter i skoven?;Hvordan er skovbunden?;#009748;https://vildmadv2.vps.webdock.io/application/files/6214/9036/4694/naaleskov.jpg;409;1987;Morbund;1988;Mulbund;;;;;171;Strandeng;Hvordan er jordens karakter på strandengen?;;#4171BB;https://vildmadv2.vps.webdock.io/application/files/7314/9812/2525/Vildmad_BT_Strandeng_24.jpg;1823;1948;Våd;1949;Tør;;;;;;;;;;;;;;;;;;;;;;;;;;;;;;;;;;;;;;;;;;;;;;;
422;Walnut;1833;1626165592;;6;7;8;9;Shrubs and trees;176;Fence;How is the fence?;;#FEC21C;https://vildmadv2.vps.webdock.io/application/files/2114/9036/4146/hegn.jpg;365;1975;Densely overgrown;1976;Open;179;Deciduous forest;What is the nature of the soil in the forest?;What is the forest floor like?;#009748;https://vildmadv2.vps.webdock.io/application/files/1016/2089/8647/VILDMAD_BT_Lovskov_08.jpg;5383;1981;Morbund;1982;Mulbund;https://vildmadv2.vps.webdock.io/application/files/7816/2452/6611/Valnod_ravarekort_app.png;5592;;;181;By;Hvor er du i byens landskab?;;#4B3C67;https://vildmadv2.vps.webdock.io/application/files/9414/9812/0663/VILDMAD_BT_BY_03-squashed.jpg;1783;1992;Park/have;1993;Kyst/havn;;;;;;;2017;Kystnært;2018;Indland;;;;;;;;;;;;;;;;;;;;;;;;;;;;;;;;;;;;;;;;;;;;;;;;;;;;;;;;;;;;;;;;;;;;;;;;;
277;Daisy;4630;1626076570;;2;3;4;5;Herbs and smaller plants;178;Grassland;How is the grassland?;;#FEC21C;https://vildmadv2.vps.webdock.io/application/files/7916/2089/7481/Vildmad_BT_Gresland_09.jpg;5381;1979;Malnourished;1980;Nutritious;177;Ditch edge;What is the nature of the ditch edge?;;#FEC21C;https://vildmadv2.vps.webdock.io/application/files/4616/2089/7447/VILDMAD_BT_Groftekant_05.jpg;5379;1977;Malnourished;1978;Nutritious;https://vildmadv2.vps.webdock.io/application/files/1416/2436/7746/Bellis_ravarkort_app.png;5440;6;7;181;By;Hvor er du i byens landskab?;;#4B3C67;https://vildmadv2.vps.webdock.io/application/files/9414/9812/0663/VILDMAD_BT_BY_03-squashed.jpg;1783;1992;Park/have;1993;Kyst/havn;;;;;8;;;;;;;;;;;;;;;;;;;;;;;;;;;;;;;;;;;;;;;;;;;;;;;;;;;;;;;;;;;;;;;;;;;;;;;;;;;;;;
335;Cornflower;979;1683140208;;6;7;8;;Herbs and smaller plants;178;Grassland;How is the grassland?;;#FEC21C;https://vildmadv2.vps.webdock.io/application/files/7916/2089/7481/Vildmad_BT_Gresland_09.jpg;5381;1979;Malnourished;1980;Nutritious;;;;;;;;;;;;https://vildmadv2.vps.webdock.io/application/files/5716/2445/4204/Kornblomst_ravarekort_app.png;5493;;;;;;;;;;;;;;;;;;;;;;;;;;;;;;;;;;;;;;;;;;;;;;;;;;;;;;;;;;;;;;;;;;;;;;;;;;;;;;;;;;;;;;;;;;;;;;;;
359;Red clover;1531;1626080296;;4;5;6;7;Herbs and smaller plants;178;Grassland;How is the grassland?;;#FEC21C;https://vildmadv2.vps.webdock.io/application/files/7916/2089/7481/Vildmad_BT_Gresland_09.jpg;5381;1979;Malnourished;1980;Nutritious;181;Town;Where are you in the cityscape?;;#4B3C67;https://vildmadv2.vps.webdock.io/application/files/9414/9812/0663/VILDMAD_BT_BY_03-squashed.jpg;1783;1992;Park/garden;1993;Coast/port;https://vildmadv2.vps.webdock.io/application/files/5516/2445/8460/Rodklover_ravarkort_app.png;5524;;;;;;;;;;;;;;;;;;;;;;;;;;;;;;;;;;;;;;;;;;;;;;;;;;;;;;;;;;;;;;;;;;;;;;;;;;;;;;;;;;;;;;;;;;;;;;;;
307;Juniper;446;1626077689;;0;1;2;3;Shrubs and trees;178;Grassland;How is the grassland?;;#FEC21C;https://vildmadv2.vps.webdock.io/application/files/7916/2089/7481/Vildmad_BT_Gresland_09.jpg;5381;1979;Malnourished;1980;Nutritious;;;;;;;;;;;;https://vildmadv2.vps.webdock.io/application/files/4614/9036/4770/ene.jpg;425;4;5;;;;;;;;;;;;;;;;6;7;;;;;;;;;;;;;;;;;;;;;;;;;;;;;;;;;;;;;;;;;;;;;;;;;;;;;;;;;8;9;10;11;;;;;;;;;;;;;;;;;
319;Heather;1032;1626078012;;7;8;;;Shrubs and trees;178;Grassland;How is the grassland?;;#FEC21C;https://vildmadv2.vps.webdock.io/application/files/7916/2089/7481/Vildmad_BT_Gresland_09.jpg;5381;1979;Malnourished;1980;Nutritious;;;;;;;;;;;;https://vildmadv2.vps.webdock.io/application/files/6016/2437/1966/Hedelyng_ravarekort_app.png;5474;;;;;;;;;;;;;;;;;;;;;;;;;;;;;;;;;;;;;;;;;;;;;;;;;;;;;;;;;;;;;;;;;;;;;;;;;;;;;;;;;;;;;;;;;;;;;;;;
297;Watercress;1835;1626076718;;4;5;6;7;Herbs and smaller plants;172;Lake;How is the nutrient content of the lake?;;#4171BB;https://vildmadv2.vps.webdock.io/application/files/1116/2195/3749/Vildmad_BT_So_01_1.jpg;5402;1969;Malnourished;1970;Nutritious;173;Watercourse;How is the nutrient content of the stream?;;#4171BB;https://vildmadv2.vps.webdock.io/application/files/6116/2201/2158/Vildmad_BT_Vandlob_02_1.jpg;5404;1971;Malnourished;1972;Nutritious;https://vildmadv2.vps.webdock.io/application/files/4316/2436/8826/Brondkarse_ravarkort_app.png;5447;8;9;;;;;;;;;;;;;;;;10;;;;;;;;;;;;;;;;;2015;Svag strøm;2016;Kraftig strøm;;;;;;;;;;;;;;;;;;;;;;;;;;;;;;;;;;;;;;;;;;;;;;;;;;;;;;;;;;
424;Water mint;1586;1594123577;;3;4;5;6;Herbs and smaller plants;172;Lake;How is the nutrient content of the lake?;;#4171BB;https://vildmadv2.vps.webdock.io/application/files/1116/2195/3749/Vildmad_BT_So_01_1.jpg;5402;1969;Malnourished;1970;Nutritious;173;Watercourse;How is the nutrient content of the stream?;;#4171BB;https://vildmadv2.vps.webdock.io/application/files/6116/2201/2158/Vildmad_BT_Vandlob_02_1.jpg;5404;1971;Malnourished;1972;Nutritious;https://vildmadv2.vps.webdock.io/application/files/5114/9036/4987/vandmynte.jpg;489;7;8;177;Grøftekant;Hvordan er grøftekantens beskaffenhed?;;#FEC21C;https://vildmadv2.vps.webdock.io/application/files/4616/2089/7447/VILDMAD_BT_Groftekant_05.jpg;5379;1977;Næringsfattig;1978;Næringsrig;;;;;9;;;;;;;;;;;;;;;;;2015;Svag strøm;2016;Kraftig strøm;;;;;;;;;;;;;;;;;;;;;;;;;;;;;;;;;;;;;;;;;;;;;;;;;;;;;;;;;;
302;Chicory;2598;1626076907;;5;6;7;8;Herbs and smaller plants;181;Town;Where are you in the cityscape?;;#4B3C67;https://vildmadv2.vps.webdock.io/application/files/9414/9812/0663/VILDMAD_BT_BY_03-squashed.jpg;1783;1992;Park/garden;1993;Coast/port;178;Grassland;How is the grassland?;;#FEC21C;https://vildmadv2.vps.webdock.io/application/files/7916/2089/7481/Vildmad_BT_Gresland_09.jpg;5381;1979;Malnourished;1980;Nutritious;https://vildmadv2.vps.webdock.io/application/files/4716/2436/9707/Cikorie_ravarekort_ravare_1.png;5455;;;;;;;;;;;;;;;;;;;;;;;;;;;;;;;;;;;;;;;;;;;;;;;;;;;;;;;;;;;;;;;;;;;;;;;;;;;;;;;;;;;;;;;;;;;;;;;;
327;Shepherd's purse;1435;1626078923;;3;4;5;6;Herbs and smaller plants;181;Town;Where are you in the cityscape?;;#4B3C67;https://vildmadv2.vps.webdock.io/application/files/9414/9812/0663/VILDMAD_BT_BY_03-squashed.jpg;1783;1992;Park/garden;1993;Coast/port;176;Fence;How is the fence?;;#FEC21C;https://vildmadv2.vps.webdock.io/application/files/2114/9036/4146/hegn.jpg;365;1975;Densely overgrown;1976;Open;https://vildmadv2.vps.webdock.io/application/files/6716/2445/3525/Hyrdetaske_ravarkort_app.png;5486;7;8;177;Grøftekant;Hvordan er grøftekantens beskaffenhed?;;#FEC21C;https://vildmadv2.vps.webdock.io/application/files/4616/2089/7447/VILDMAD_BT_Groftekant_05.jpg;5379;1977;Næringsfattig;1978;Næringsrig;;;;;9;;;;;;178;Græsland;Hvordan er græslandet?;;#FEC21C;https://vildmadv2.vps.webdock.io/application/files/7916/2089/7481/Vildmad_BT_Gresland_09.jpg;5381;1979;Næringsfattig;1980;Næringsrig;2017;Kystnært;2018;Indland;;;;;;;;;;;;;;;;;;;;;;;;;;;;;;;;;;;;;;;;;;;;;;;;;;;;;;;;;;
383;Wood dock;3352;1626080915;;0;1;2;3;Herbs and smaller plants;181;Town;Where are you in the cityscape?;;#4B3C67;https://vildmadv2.vps.webdock.io/application/files/9414/9812/0663/VILDMAD_BT_BY_03-squashed.jpg;1783;1992;Park/garden;1993;Coast/port;179;Deciduous forest;What is the nature of the soil in the forest?;What is the forest floor like?;#009748;https://vildmadv2.vps.webdock.io/application/files/1016/2089/8647/VILDMAD_BT_Lovskov_08.jpg;5383;1981;Morbund;1982;Mulbund;https://vildmadv2.vps.webdock.io/application/files/3816/2451/7706/Skovsyre_ravarekort_app.png;5548;4;5;180;Nåleskov;Hvordan er jordens karakter i skoven?;Hvordan er skovbunden?;#009748;https://vildmadv2.vps.webdock.io/application/files/6214/9036/4694/naaleskov.jpg;409;1987;Morbund;1988;Mulbund;;;;;6;7;;;;;;;;;;;;;;;;;;;;;;;;;;;;;;;;;;;;;;;;;;;;;;;;;;;;;;;;;8;9;10;11;;;;;;;;;;;;;;;;;
304;Broad-leaved willowherb;1299;1626076951;;3;4;5;;Herbs and smaller plants;173;Watercourse;How is the nutrient content of the stream?;;#4171BB;https://vildmadv2.vps.webdock.io/application/files/6116/2201/2158/Vildmad_BT_Vandlob_02_1.jpg;5404;1971;Malnourished;1972;Nutritious;172;Lake;How is the nutrient content of the lake?;;#4171BB;https://vildmadv2.vps.webdock.io/application/files/1116/2195/3749/Vildmad_BT_So_01_1.jpg;5402;1969;Malnourished;1970;Nutritious;https://vildmadv2.vps.webdock.io/application/files/5016/2030/2102/Dunhammer_ravarkort_1.png;5337;;;181;By;Hvor er du i byens landskab?;;#4B3C67;https://vildmadv2.vps.webdock.io/application/files/9414/9812/0663/VILDMAD_BT_BY_03-squashed.jpg;1783;1992;Park/have;1993;Kyst/havn;;;;;;;2015;Svag strøm;2016;Kraftig strøm;177;Grøftekant;Hvordan er grøftekantens beskaffenhed?;;#FEC21C;https://vildmadv2.vps.webdock.io/application/files/4616/2089/7447/VILDMAD_BT_Groftekant_05.jpg;5379;1977;Næringsfattig;1978;Næringsrig;;;;;;;;;;;;;;;;;;;;;;;;;;;;;;;;;;;;;;;;;;;;;;;;;;;;;;;;;;;;;;
312;Grey alder;606;1626077865;;4;5;6;7;Herbs and smaller plants;173;Watercourse;How is the nutrient content of the stream?;;#4171BB;https://vildmadv2.vps.webdock.io/application/files/6116/2201/2158/Vildmad_BT_Vandlob_02_1.jpg;5404;1971;Malnourished;1972;Nutritious;176;Fence;How is the fence?;;#FEC21C;https://vildmadv2.vps.webdock.io/application/files/2114/9036/4146/hegn.jpg;365;1975;Densely overgrown;1976;Open;https://vildmadv2.vps.webdock.io/application/files/8816/2437/1012/Grabynke_ravarkort_app.png;5466;8;9;177;Grøftekant;Hvordan er grøftekantens beskaffenhed?;;#FEC21C;https://vildmadv2.vps.webdock.io/application/files/4616/2089/7447/VILDMAD_BT_Groftekant_05.jpg;5379;1977;Næringsfattig;1978;Næringsrig;;;;;;;2015;Svag strøm;2016;Kraftig strøm;178;Græsland;Hvordan er græslandet?;;#FEC21C;https://vildmadv2.vps.webdock.io/application/files/7916/2089/7481/Vildmad_BT_Gresland_09.jpg;5381;1979;Næringsfattig;1980;Næringsrig;2017;Kystnært;2018;Indland;181;By;Hvor er du i byens landskab?;;#4B3C67;https://vildmadv2.vps.webdock.io/application/files/9414/9812/0663/VILDMAD_BT_BY_03-squashed.jpg;1783;1992;Park/have;1993;Kyst/havn;171;Strandeng;Hvordan er jordens karakter på strandengen?;;#4171BB;https://vildmadv2.vps.webdock.io/application/files/7314/9812/2525/Vildmad_BT_Strandeng_24.jpg;1823;1948;Våd;1949;Tør;;;;;;;;;;;;;;;;;;;;;;;;;;;;;;;;;;;;
332;Common earthball;1677;1626079049;;4;5;6;7;Herbs and smaller plants;173;Watercourse;How is the nutrient content of the stream?;;#4171BB;https://vildmadv2.vps.webdock.io/application/files/6116/2201/2158/Vildmad_BT_Vandlob_02_1.jpg;5404;1971;Malnourished;1972;Nutritious;176;Fence;How is the fence?;;#FEC21C;https://vildmadv2.vps.webdock.io/application/files/2114/9036/4146/hegn.jpg;365;1975;Densely overgrown;1976;Open;https://vildmadv2.vps.webdock.io/application/files/5516/2445/3967/Katost_ravarkort_app.png;5490;;;177;Grøftekant;Hvordan er grøftekantens beskaffenhed?;;#FEC21C;https://vildmadv2.vps.webdock.io/application/files/4616/2089/7447/VILDMAD_BT_Groftekant_05.jpg;5379;1977;Næringsfattig;1978;Næringsrig;;;;;;;2015;Svag strøm;2016;Kraftig strøm;178;Græsland;Hvordan er græslandet?;;#FEC21C;https://vildmadv2.vps.webdock.io/application/files/7916/2089/7481/Vildmad_BT_Gresland_09.jpg;5381;1979;Næringsfattig;1980;Næringsrig;2017;Kystnært;2018;Indland;181;By;Hvor er du i byens landskab?;;#4B3C67;https://vildmadv2.vps.webdock.io/application/files/9414/9812/0663/VILDMAD_BT_BY_03-squashed.jpg;1783;1992;Park/have;1993;Kyst/havn;;;;;;;;;;;;;;;;;;;;;;;;;;;;;;;;;;;;;;;;;;;;;;;
341;Garlic cress;5929;1626079714;;0;1;2;3;Herbs and smaller plants;173;Watercourse;How is the nutrient content of the stream?;;#4171BB;https://vildmadv2.vps.webdock.io/application/files/6116/2201/2158/Vildmad_BT_Vandlob_02_1.jpg;5404;1971;Malnourished;1972;Nutritious;174;Beach;How is the nature of the beach?;;#4171BB;https://vildmadv2.vps.webdock.io/application/files/7016/2201/2308/Vildmad_BT_Strand_01_1.jpg;5405;1973;Sandy beach;1974;Stone beach;https://vildmadv2.vps.webdock.io/application/files/6616/2445/6934/Logkarse_ravarkort_app.png;5506;4;5;176;Hegn;Hvordan er hegnet?;;#FEC21C;https://vildmadv2.vps.webdock.io/application/files/2114/9036/4146/hegn.jpg;365;1975;Tæt bevokset;1976;Åbent;2017;Kystnært;2018;Indland;6;7;2015;Svag strøm;2016;Kraftig strøm;177;Grøftekant;Hvordan er grøftekantens beskaffenhed?;;#FEC21C;https://vildmadv2.vps.webdock.io/application/files/4616/2089/7447/VILDMAD_BT_Groftekant_05.jpg;5379;1977;Næringsfattig;1978;Næringsrig;;;;;178;Græsland;Hvordan er græslandet?;;#FEC21C;https://vildmadv2.vps.webdock.io/application/files/7916/2089/7481/Vildmad_BT_Gresland_09.jpg;5381;1979;Næringsfattig;1980;Næringsrig;179;Løvskov;Hvordan er jordens karakter i skoven?;Hvordan er skovbunden?;#009748;https://vildmadv2.vps.webdock.io/application/files/1016/2089/8647/VILDMAD_BT_Lovskov_08.jpg;5383;1981;Morbund;1982;Mulbund;180;Nåleskov;Hvordan er jordens karakter i skoven?;Hvordan er skovbunden?;#009748;https://vildmadv2.vps.webdock.io/application/files/6214/9036/4694/naaleskov.jpg;409;1987;Morbund;1988;Mulbund;;;;;8;9;10;11;181;By;Hvor er du i byens landskab?;;#4B3C67;https://vildmadv2.vps.webdock.io/application/files/9414/9812/0663/VILDMAD_BT_BY_03-squashed.jpg;1783;1992;Park/have;1993;Kyst/havn;;;;;;
343;Dandelion;2265;1626079786;;3;4;5;9;Herbs and smaller plants;173;Watercourse;How is the nutrient content of the stream?;;#4171BB;https://vildmadv2.vps.webdock.io/application/files/6116/2201/2158/Vildmad_BT_Vandlob_02_1.jpg;5404;1971;Malnourished;1972;Nutritious;176;Fence;How is the fence?;;#FEC21C;https://vildmadv2.vps.webdock.io/application/files/2114/9036/4146/hegn.jpg;365;1975;Densely overgrown;1976;Open;https://vildmadv2.vps.webdock.io/application/files/5316/2445/7084/Maelkebotte_ravarkort_app.png;5508;;;177;Grøftekant;Hvordan er grøftekantens beskaffenhed?;;#FEC21C;https://vildmadv2.vps.webdock.io/application/files/4616/2089/7447/VILDMAD_BT_Groftekant_05.jpg;5379;1977;Næringsfattig;1978;Næringsrig;;;;;;;2015;Svag strøm;2016;Kraftig strøm;178;Græsland;Hvordan er græslandet?;;#FEC21C;https://vildmadv2.vps.webdock.io/application/files/7916/2089/7481/Vildmad_BT_Gresland_09.jpg;5381;1979;Næringsfattig;1980;Næringsrig;2017;Kystnært;2018;Indland;179;Løvskov;Hvordan er jordens karakter i skoven?;Hvordan er skovbunden?;#009748;https://vildmadv2.vps.webdock.io/application/files/1016/2089/8647/VILDMAD_BT_Lovskov_08.jpg;5383;1981;Morbund;1982;Mulbund;180;Nåleskov;Hvordan er jordens karakter i skoven?;Hvordan er skovbunden?;#009748;https://vildmadv2.vps.webdock.io/application/files/6214/9036/4694/naaleskov.jpg;409;1987;Morbund;1988;Mulbund;181;By;Hvor er du i byens landskab?;;#4B3C67;https://vildmadv2.vps.webdock.io/application/files/9414/9812/0663/VILDMAD_BT_BY_03-squashed.jpg;1783;1992;Park/have;1993;Kyst/havn;;;;;;;;;;;;;;;;;;;;;;;;;
346;Wood avens;2029;1624457551;;2;3;4;5;Herbs and smaller plants;173;Watercourse;How is the nutrient content of the stream?;;#4171BB;https://vildmadv2.vps.webdock.io/application/files/6116/2201/2158/Vildmad_BT_Vandlob_02_1.jpg;5404;1971;Malnourished;1972;Nutritious;172;Lake;How is the nutrient content of the lake?;;#4171BB;https://vildmadv2.vps.webdock.io/application/files/1116/2195/3749/Vildmad_BT_So_01_1.jpg;5402;1969;Malnourished;1970;Nutritious;https://vildmadv2.vps.webdock.io/application/files/2816/2445/7440/Mjodurt_ravarkort_app.png;5513;6;7;176;Hegn;Hvordan er hegnet?;;#FEC21C;https://vildmadv2.vps.webdock.io/application/files/2114/9036/4146/hegn.jpg;365;1975;Tæt bevokset;1976;Åbent;2017;Kystnært;2018;Indland;8;9;2015;Svag strøm;2016;Kraftig strøm;178;Græsland;Hvordan er græslandet?;;#FEC21C;https://vildmadv2.vps.webdock.io/application/files/7916/2089/7481/Vildmad_BT_Gresland_09.jpg;5381;1979;Næringsfattig;1980;Næringsrig;;;;;181;By;Hvor er du i byens landskab?;;#4B3C67;https://vildmadv2.vps.webdock.io/application/files/9414/9812/0663/VILDMAD_BT_BY_03-squashed.jpg;1783;1992;Park/have;1993;Kyst/havn;;;;;;;;;;;;;;;;;;;;;;;;;;;;;;;;;;;;;;;;;;;;;;;
356;Red twintooth;2154;1626080218;;3;4;5;6;Herbs and smaller plants;173;Watercourse;How is the nutrient content of the stream?;;#4171BB;https://vildmadv2.vps.webdock.io/application/files/6116/2201/2158/Vildmad_BT_Vandlob_02_1.jpg;5404;1971;Malnourished;1972;Nutritious;176;Fence;How is the fence?;;#FEC21C;https://vildmadv2.vps.webdock.io/application/files/2114/9036/4146/hegn.jpg;365;1975;Densely overgrown;1976;Open;https://vildmadv2.vps.webdock.io/application/files/6216/2445/8135/Rod-tvetand_ravarkort_app.png;5521;7;8;177;Grøftekant;Hvordan er grøftekantens beskaffenhed?;;#FEC21C;https://vildmadv2.vps.webdock.io/application/files/4616/2089/7447/VILDMAD_BT_Groftekant_05.jpg;5379;1977;Næringsfattig;1978;Næringsrig;;;;;9;;2015;Svag strøm;2016;Kraftig strøm;178;Græsland;Hvordan er græslandet?;;#FEC21C;https://vildmadv2.vps.webdock.io/application/files/7916/2089/7481/Vildmad_BT_Gresland_09.jpg;5381;1979;Næringsfattig;1980;Næringsrig;2017;Kystnært;2018;Indland;179;Løvskov;Hvordan er jordens karakter i skoven?;Hvordan er skovbunden?;#009748;https://vildmadv2.vps.webdock.io/application/files/1016/2089/8647/VILDMAD_BT_Lovskov_08.jpg;5383;1981;Morbund;1982;Mulbund;180;Nåleskov;Hvordan er jordens karakter i skoven?;Hvordan er skovbunden?;#009748;https://vildmadv2.vps.webdock.io/application/files/6214/9036/4694/naaleskov.jpg;409;1987;Morbund;1988;Mulbund;181;By;Hvor er du i byens landskab?;;#4B3C67;https://vildmadv2.vps.webdock.io/application/files/9414/9812/0663/VILDMAD_BT_BY_03-squashed.jpg;1783;1992;Park/have;1993;Kyst/havn;;;;;;;;;;;;;;;;;;;;;;;;;
361;Yarrow;1303;1624459047;;3;4;;;Herbs and smaller plants;173;Watercourse;How is the nutrient content of the stream?;;#4171BB;https://vildmadv2.vps.webdock.io/application/files/6116/2201/2158/Vildmad_BT_Vandlob_02_1.jpg;5404;1971;Malnourished;1972;Nutritious;176;Fence;How is the fence?;;#FEC21C;https://vildmadv2.vps.webdock.io/application/files/2114/9036/4146/hegn.jpg;365;1975;Densely overgrown;1976;Open;https://vildmadv2.vps.webdock.io/application/files/5116/2445/8985/Rollike_ravarkort_app.png;5527;;;177;Grøftekant;Hvordan er grøftekantens beskaffenhed?;;#FEC21C;https://vildmadv2.vps.webdock.io/application/files/4616/2089/7447/VILDMAD_BT_Groftekant_05.jpg;5379;1977;Næringsfattig;1978;Næringsrig;;;;;;;2015;Svag strøm;2016;Kraftig strøm;178;Græsland;Hvordan er græslandet?;;#FEC21C;https://vildmadv2.vps.webdock.io/application/files/7916/2089/7481/Vildmad_BT_Gresland_09.jpg;5381;1979;Næringsfattig;1980;Næringsrig;2017;Kystnært;2018;Indland;179;Løvskov;Hvordan er jordens karakter i skoven?;Hvordan er skovbunden?;#009748;https://vildmadv2.vps.webdock.io/application/files/1016/2089/8647/VILDMAD_BT_Lovskov_08.jpg;5383;1981;Morbund;1982;Mulbund;181;By;Hvor er du i byens landskab?;;#4B3C67;https://vildmadv2.vps.webdock.io/application/files/9414/9812/0663/VILDMAD_BT_BY_03-squashed.jpg;1783;1992;Park/have;1993;Kyst/havn;;;;;;;;;;;;;;;;;;;;;;;;;;;;;;;;;;;;
379;Wood garlic;1580;1626080850;;3;6;7;;Herbs and smaller plants;173;Watercourse;How is the nutrient content of the stream?;;#4171BB;https://vildmadv2.vps.webdock.io/application/files/6116/2201/2158/Vildmad_BT_Vandlob_02_1.jpg;5404;1971;Malnourished;1972;Nutritious;176;Fence;How is the fence?;;#FEC21C;https://vildmadv2.vps.webdock.io/application/files/2114/9036/4146/hegn.jpg;365;1975;Densely overgrown;1976;Open;https://vildmadv2.vps.webdock.io/application/files/9016/2451/7268/Skovlog_ravarekort_app.png;5545;;;177;Grøftekant;Hvordan er grøftekantens beskaffenhed?;;#FEC21C;https://vildmadv2.vps.webdock.io/application/files/4616/2089/7447/VILDMAD_BT_Groftekant_05.jpg;5379;1977;Næringsfattig;1978;Næringsrig;;;;;;;2015;Svag strøm;2016;Kraftig strøm;178;Græsland;Hvordan er græslandet?;;#FEC21C;https://vildmadv2.vps.webdock.io/application/files/7916/2089/7481/Vildmad_BT_Gresland_09.jpg;5381;1979;Næringsfattig;1980;Næringsrig;2017;Kystnært;2018;Indland;179;Løvskov;Hvordan er jordens karakter i skoven?;Hvordan er skovbunden?;#009748;https://vildmadv2.vps.webdock.io/application/files/1016/2089/8647/VILDMAD_BT_Lovskov_08.jpg;5383;1981;Morbund;1982;Mulbund;180;Nåleskov;Hvordan er jordens karakter i skoven?;Hvordan er skovbunden?;#009748;https://vildmadv2.vps.webdock.io/application/files/6214/9036/4694/naaleskov.jpg;409;1987;Morbund;1988;Mulbund;181;By;Hvor er du i byens landskab?;;#4B3C67;https://vildmadv2.vps.webdock.io/application/files/9414/9812/0663/VILDMAD_BT_BY_03-squashed.jpg;1783;1992;Park/have;1993;Kyst/havn;;;;;;;;;;;;;;;;;;;;;;;;;
385;Ground elder;3268;1626080935;;2;3;4;5;Herbs and smaller plants;173;Watercourse;How is the nutrient content of the stream?;;#4171BB;https://vildmadv2.vps.webdock.io/application/files/6116/2201/2158/Vildmad_BT_Vandlob_02_1.jpg;5404;1971;Malnourished;1972;Nutritious;172;Lake;How is the nutrient content of the lake?;;#4171BB;https://vildmadv2.vps.webdock.io/application/files/1116/2195/3749/Vildmad_BT_So_01_1.jpg;5402;1969;Malnourished;1970;Nutritious;https://vildmadv2.vps.webdock.io/application/files/2714/9036/9858/skvalderkal.jpg;594;6;7;176;Hegn;Hvordan er hegnet?;;#FEC21C;https://vildmadv2.vps.webdock.io/application/files/2114/9036/4146/hegn.jpg;365;1975;Tæt bevokset;1976;Åbent;2017;Kystnært;2018;Indland;;;2015;Svag strøm;2016;Kraftig strøm;177;Grøftekant;Hvordan er grøftekantens beskaffenhed?;;#FEC21C;https://vildmadv2.vps.webdock.io/application/files/4616/2089/7447/VILDMAD_BT_Groftekant_05.jpg;5379;1977;Næringsfattig;1978;Næringsrig;;;;;178;Græsland;Hvordan er græslandet?;;#FEC21C;https://vildmadv2.vps.webdock.io/application/files/7916/2089/7481/Vildmad_BT_Gresland_09.jpg;5381;1979;Næringsfattig;1980;Næringsrig;179;Løvskov;Hvordan er jordens karakter i skoven?;Hvordan er skovbunden?;#009748;https://vildmadv2.vps.webdock.io/application/files/1016/2089/8647/VILDMAD_BT_Lovskov_08.jpg;5383;1981;Morbund;1982;Mulbund;180;Nåleskov;Hvordan er jordens karakter i skoven?;Hvordan er skovbunden?;#009748;https://vildmadv2.vps.webdock.io/application/files/6214/9036/4694/naaleskov.jpg;409;1987;Morbund;1988;Mulbund;;;;;;;;;181;By;Hvor er du i byens landskab?;;#4B3C67;https://vildmadv2.vps.webdock.io/application/files/9414/9812/0663/VILDMAD_BT_BY_03-squashed.jpg;1783;1992;Park/have;1993;Kyst/havn;;;;;;
394;Common nettle;2656;1626081253;;2;3;4;5;Herbs and smaller plants;173;Watercourse;How is the nutrient content of the stream?;;#4171BB;https://vildmadv2.vps.webdock.io/application/files/6116/2201/2158/Vildmad_BT_Vandlob_02_1.jpg;5404;1971;Malnourished;1972;Nutritious;174;Beach;How is the nature of the beach?;;#4171BB;https://vildmadv2.vps.webdock.io/application/files/7016/2201/2308/Vildmad_BT_Strand_01_1.jpg;5405;1973;Sandy beach;1974;Stone beach;https://vildmadv2.vps.webdock.io/application/files/4916/2451/8732/Braendenaelde_ravarkort_app.png;5554;6;7;176;Hegn;Hvordan er hegnet?;;#FEC21C;https://vildmadv2.vps.webdock.io/application/files/2114/9036/4146/hegn.jpg;365;1975;Tæt bevokset;1976;Åbent;2017;Kystnært;2018;Indland;8;9;2015;Svag strøm;2016;Kraftig strøm;177;Grøftekant;Hvordan er grøftekantens beskaffenhed?;;#FEC21C;https://vildmadv2.vps.webdock.io/application/files/4616/2089/7447/VILDMAD_BT_Groftekant_05.jpg;5379;1977;Næringsfattig;1978;Næringsrig;;;;;178;Græsland;Hvordan er græslandet?;;#FEC21C;https://vildmadv2.vps.webdock.io/application/files/7916/2089/7481/Vildmad_BT_Gresland_09.jpg;5381;1979;Næringsfattig;1980;Næringsrig;179;Løvskov;Hvordan er jordens karakter i skoven?;Hvordan er skovbunden?;#009748;https://vildmadv2.vps.webdock.io/application/files/1016/2089/8647/VILDMAD_BT_Lovskov_08.jpg;5383;1981;Morbund;1982;Mulbund;180;Nåleskov;Hvordan er jordens karakter i skoven?;Hvordan er skovbunden?;#009748;https://vildmadv2.vps.webdock.io/application/files/6214/9036/4694/naaleskov.jpg;409;1987;Morbund;1988;Mulbund;;;;;10;;;;181;By;Hvor er du i byens landskab?;;#4B3C67;https://vildmadv2.vps.webdock.io/application/files/9414/9812/0663/VILDMAD_BT_BY_03-squashed.jpg;1783;1992;Park/have;1993;Kyst/havn;;;;;;
418;Wild thyme;1483;1626165224;;4;5;6;7;Herbs and smaller plants;173;Watercourse;How is the nutrient content of the stream?;;#4171BB;https://vildmadv2.vps.webdock.io/application/files/6116/2201/2158/Vildmad_BT_Vandlob_02_1.jpg;5404;1971;Malnourished;1972;Nutritious;177;Ditch edge;What is the nature of the ditch edge?;;#FEC21C;https://vildmadv2.vps.webdock.io/application/files/4616/2089/7447/VILDMAD_BT_Groftekant_05.jpg;5379;1977;Malnourished;1978;Nutritious;https://vildmadv2.vps.webdock.io/application/files/8516/2452/6271/Timian_ravarekort_app.png;5587;;;178;Græsland;Hvordan er græslandet?;;#FEC21C;https://vildmadv2.vps.webdock.io/application/files/7916/2089/7481/Vildmad_BT_Gresland_09.jpg;5381;1979;Næringsfattig;1980;Næringsrig;;;;;;;2015;Svag strøm;2016;Kraftig strøm;;;;;;;;;;;;;;;;;;;;;;;;;;;;;;;;;;;;;;;;;;;;;;;;;;;;;;;;;;;;;;;;;;;;;;;;;
295;Blackberry;5953;1626076688;;6;7;8;9;Shrubs and trees;173;Watercourse;How is the nutrient content of the stream?;;#4171BB;https://vildmadv2.vps.webdock.io/application/files/6116/2201/2158/Vildmad_BT_Vandlob_02_1.jpg;5404;1971;Malnourished;1972;Nutritious;176;Fence;How is the fence?;;#FEC21C;https://vildmadv2.vps.webdock.io/application/files/2114/9036/4146/hegn.jpg;365;1975;Densely overgrown;1976;Open;https://vildmadv2.vps.webdock.io/application/files/9416/2071/5230/Brombaer_ravarekort.png;5344;;;177;Grøftekant;Hvordan er grøftekantens beskaffenhed?;;#FEC21C;https://vildmadv2.vps.webdock.io/application/files/4616/2089/7447/VILDMAD_BT_Groftekant_05.jpg;5379;1977;Næringsfattig;1978;Næringsrig;;;;;;;2015;Svag strøm;2016;Kraftig strøm;178;Græsland;Hvordan er græslandet?;;#FEC21C;https://vildmadv2.vps.webdock.io/application/files/7916/2089/7481/Vildmad_BT_Gresland_09.jpg;5381;1979;Næringsfattig;1980;Næringsrig;2017;Kystnært;2018;Indland;180;Nåleskov;Hvordan er jordens karakter i skoven?;Hvordan er skovbunden?;#009748;https://vildmadv2.vps.webdock.io/application/files/6214/9036/4694/naaleskov.jpg;409;1987;Morbund;1988;Mulbund;179;Løvskov;Hvordan er jordens karakter i skoven?;Hvordan er skovbunden?;#009748;https://vildmadv2.vps.webdock.io/application/files/1016/2089/8647/VILDMAD_BT_Lovskov_08.jpg;5383;1981;Morbund;1982;Mulbund;181;By;Hvor er du i byens landskab?;;#4B3C67;https://vildmadv2.vps.webdock.io/application/files/9414/9812/0663/VILDMAD_BT_BY_03-squashed.jpg;1783;1992;Park/have;1993;Kyst/havn;;;;;;;;;;;;;;;;;;;;;;;;;
317;Sea buckthorn;4590;1626077965;;7;8;9;;Shrubs and trees;173;Watercourse;How is the nutrient content of the stream?;;#4171BB;https://vildmadv2.vps.webdock.io/application/files/6116/2201/2158/Vildmad_BT_Vandlob_02_1.jpg;5404;1971;Malnourished;1972;Nutritious;181;Town;Where are you in the cityscape?;;#4B3C67;https://vildmadv2.vps.webdock.io/application/files/9414/9812/0663/VILDMAD_BT_BY_03-squashed.jpg;1783;1992;Park/garden;1993;Coast/port;https://vildmadv2.vps.webdock.io/application/files/5216/2437/1782/Havtorn_ravarekort_app.png;5473;;;176;Hegn;Hvordan er hegnet?;;#FEC21C;https://vildmadv2.vps.webdock.io/application/files/2114/9036/4146/hegn.jpg;365;1975;Tæt bevokset;1976;Åbent;2017;Kystnært;2018;Indland;;;2015;Svag strøm;2016;Kraftig strøm;;;;;;;;;;;;;;;;;;;;;;;;;;;;;;;;;;;;;;;;;;;;;;;;;;;;;;;;;;;;;;;;;;;;;;;;;
349;Horseradish;3477;1626079968;;4;5;6;7;Shrubs and trees;173;Watercourse;How is the nutrient content of the stream?;;#4171BB;https://vildmadv2.vps.webdock.io/application/files/6116/2201/2158/Vildmad_BT_Vandlob_02_1.jpg;5404;1971;Malnourished;1972;Nutritious;176;Fence;How is the fence?;;#FEC21C;https://vildmadv2.vps.webdock.io/application/files/2114/9036/4146/hegn.jpg;365;1975;Densely overgrown;1976;Open;https://vildmadv2.vps.webdock.io/application/files/3216/2445/7648/Peberod_ravarekort_app.png;5515;8;9;177;Grøftekant;Hvordan er grøftekantens beskaffenhed?;;#FEC21C;https://vildmadv2.vps.webdock.io/application/files/4616/2089/7447/VILDMAD_BT_Groftekant_05.jpg;5379;1977;Næringsfattig;1978;Næringsrig;;;;;10;;2015;Svag strøm;2016;Kraftig strøm;178;Græsland;Hvordan er græslandet?;;#FEC21C;https://vildmadv2.vps.webdock.io/application/files/7916/2089/7481/Vildmad_BT_Gresland_09.jpg;5381;1979;Næringsfattig;1980;Næringsrig;2017;Kystnært;2018;Indland;181;By;Hvor er du i byens landskab?;;#4B3C67;https://vildmadv2.vps.webdock.io/application/files/9414/9812/0663/VILDMAD_BT_BY_03-squashed.jpg;1783;1992;Park/have;1993;Kyst/havn;;;;;;;;;;;;;;;;;;;;;;;;;;;;;;;;;;;;;;;;;;;;;;;
363;Rowan;2037;1626080365;;3;7;8;;Shrubs and trees;173;Watercourse;How is the nutrient content of the stream?;;#4171BB;https://vildmadv2.vps.webdock.io/application/files/6116/2201/2158/Vildmad_BT_Vandlob_02_1.jpg;5404;1971;Malnourished;1972;Nutritious;176;Fence;How is the fence?;;#FEC21C;https://vildmadv2.vps.webdock.io/application/files/2114/9036/4146/hegn.jpg;365;1975;Densely overgrown;1976;Open;https://vildmadv2.vps.webdock.io/application/files/9614/9319/1702/ron_profil.jpg;1419;;;179;Løvskov;Hvordan er jordens karakter i skoven?;Hvordan er skovbunden?;#009748;https://vildmadv2.vps.webdock.io/application/files/1016/2089/8647/VILDMAD_BT_Lovskov_08.jpg;5383;1981;Morbund;1982;Mulbund;;;;;;;2015;Svag strøm;2016;Kraftig strøm;180;Nåleskov;Hvordan er jordens karakter i skoven?;Hvordan er skovbunden?;#009748;https://vildmadv2.vps.webdock.io/application/files/6214/9036/4694/naaleskov.jpg;409;1987;Morbund;1988;Mulbund;2017;Kystnært;2018;Indland;181;By;Hvor er du i byens landskab?;;#4B3C67;https://vildmadv2.vps.webdock.io/application/files/9414/9812/0663/VILDMAD_BT_BY_03-squashed.jpg;1783;1992;Park/have;1993;Kyst/havn;;;;;;;;;;;;;;;;;;;;;;;;;;;;;;;;;;;;;;;;;;;;;;;
367;Dog rose;3599;1626080505;;5;6;7;8;Shrubs and trees;173;Watercourse;How is the nutrient content of the stream?;;#4171BB;https://vildmadv2.vps.webdock.io/application/files/6116/2201/2158/Vildmad_BT_Vandlob_02_1.jpg;5404;1971;Malnourished;1972;Nutritious;174;Beach;How is the nature of the beach?;;#4171BB;https://vildmadv2.vps.webdock.io/application/files/7016/2201/2308/Vildmad_BT_Strand_01_1.jpg;5405;1973;Sandy beach;1974;Stone beach;https://vildmadv2.vps.webdock.io/application/files/7216/2445/9376/Rynket-Rose_ravarekort_app.png;5530;9;;181;By;Hvor er du i byens landskab?;;#4B3C67;https://vildmadv2.vps.webdock.io/application/files/9414/9812/0663/VILDMAD_BT_BY_03-squashed.jpg;1783;1992;Park/have;1993;Kyst/havn;;;;;;;2015;Svag strøm;2016;Kraftig strøm;171;Strandeng;Hvordan er jordens karakter på strandengen?;;#4171BB;https://vildmadv2.vps.webdock.io/application/files/7314/9812/2525/Vildmad_BT_Strandeng_24.jpg;1823;1948;Våd;1949;Tør;;;;;176;Hegn;Hvordan er hegnet?;;#FEC21C;https://vildmadv2.vps.webdock.io/application/files/2114/9036/4146/hegn.jpg;365;1975;Tæt bevokset;1976;Åbent;;;;;;;;;;;;;;;;;;;;;;;;;;;;;;;;;;;;;;;;;;2017;Kystnært;2018;Indland;;
414;Lilac;1068;1626164760;;4;;;;Shrubs and trees;173;Watercourse;How is the nutrient content of the stream?;;#4171BB;https://vildmadv2.vps.webdock.io/application/files/6116/2201/2158/Vildmad_BT_Vandlob_02_1.jpg;5404;1971;Malnourished;1972;Nutritious;176;Fence;How is the fence?;;#FEC21C;https://vildmadv2.vps.webdock.io/application/files/2114/9036/4146/hegn.jpg;365;1975;Densely overgrown;1976;Open;https://vildmadv2.vps.webdock.io/application/files/8016/2452/5334/Syren_ravarekort_app.png;5579;;;179;Løvskov;Hvordan er jordens karakter i skoven?;Hvordan er skovbunden?;#009748;https://vildmadv2.vps.webdock.io/application/files/1016/2089/8647/VILDMAD_BT_Lovskov_08.jpg;5383;1981;Morbund;1982;Mulbund;;;;;;;2015;Svag strøm;2016;Kraftig strøm;181;By;Hvor er du i byens landskab?;;#4B3C67;https://vildmadv2.vps.webdock.io/application/files/9414/9812/0663/VILDMAD_BT_BY_03-squashed.jpg;1783;1992;Park/have;1993;Kyst/havn;2017;Kystnært;2018;Indland;;;;;;;;;;;;;;;;;;;;;;;;;;;;;;;;;;;;;;;;;;;;;;;;;;;;;;;;;;